{
  "hf": {
    "1": 37.19421529325291,
    "8": 293.38579109442855,
    "16": 570.6335147801849,
    "32": 1024.9738222762244
  },
  "minisgl": {
    "1": 85.44854925442323,
    "8": 584.9871920429263,
    "16": 1111.3628729060206,
    "32": 2017.5837933729256
  }
}